Name,Email,Username,Phone,Age,Address
Cesar,Keely.Friesen72@yahoo.com,Ally10,(487) 892-5666 x670,62,Mozambique
Arlene,Curt_Pfeffer@gmail.com,David.Fadel34,1-481-899-8846 x92524,87,Indonesia
Alize,Milford.Lebsack@gmail.com,Velma_Breitenberg68,955.508.6392 x183,39,Mauritius
Cortney,Selmer24@hotmail.com,Willa.Tromp85,1-802-578-9729,35,Mauritania
Lauriane,Lilyan.Haley@yahoo.com,Odell_Macejkovic,1-646-496-4776 x278,66,Monaco
Charlie,Jovany_Swaniawski80@hotmail.com,Gregory79,629-732-5091,84,Guernsey
Demetrius,River_Kirlin65@yahoo.com,Carolanne.Jaskolski,(843) 242-7591 x3537,80,Samoa
Willis,Forrest.Huel4@gmail.com,Josie_Homenick,333-332-2516 x041,75,Hong Kong
Haylie,Hermann_Jacobi@hotmail.com,Boyd_Rath,(566) 607-8954 x423,26,Ukraine
Bernie,Nathanael32@yahoo.com,Johann87,716.479.3132 x6182,40,Kuwait
Bernadette,Green.Thompson@hotmail.com,Enrique71,1-348-268-8394 x4410,71,Canada
Janice,Stevie38@gmail.com,Korey89,1-451-877-2194 x707,57,Lebanon
Paolo,Neva.Leuschke9@yahoo.com,Daren.Hackett50,327-664-4062 x96881,74,Myanmar
Evangeline,Obie63@gmail.com,Ines_Fadel71,(610) 422-3849,40,Niue
Casey,Weldon_Herman@gmail.com,Isaiah.Dooley,407.911.4447 x43743,70,Tokelau
Mallie,Fay_Flatley86@yahoo.com,Mayra8,425.978.7723 x062,97,Georgia
Orville,Lavinia78@gmail.com,Johnathan.Ortiz,1-673-353-2537 x437,78,Guinea-Bissau
Crystel,Viviane_Fisher@yahoo.com,Preston97,1-995-579-0020 x3591,73,Gibraltar
Allie,Lulu45@hotmail.com,Trystan7,(671) 812-0273,77,Thailand
Madelynn,Burley.Reynolds67@gmail.com,Audreanne_Buckridge48,773.331.8263 x084,68,Japan
